name,zip_code,email
ABZAC,16500,mairie-abzac@orange.fr
AGRIS,16110,mairie.agris@wanadoo.fr
AIGNES-ET-PUYPEROUX,16190,mairie.aignes@wanadoo.fr
AIGRE,16140,mairie-aigre@wanadoo.fr
ALLOUE,16490,mairiedalloue@orange.fr
AMBERAC,16140,mairie.amberac@orange.fr
AMBERNAC,16490,mairie-ambernac@wanadoo.fr
AMBLEVILLE,16300,ambleville16.mairie@wanadoo.fr
ANAIS,16560,mairieanais@wanadoo.fr
ANGEAC-CHAMPAGNE,16130,mairie.angeacchampagne@wanadoo.fr
ANGEAC-CHARENTE,16120,mairie-angeac-charente@orange.fr
ANGEDUC,16300,mairie-angeduc@wanadoo.fr
ANGOULEME,16000,angouleme@mairie-angouleme.fr
ANSAC-SUR-VIENNE,16500,mairie.ansac@wanadoo.fr
ANVILLE,16170,""
ARS,16130,mairie-ars-16@wanadoo.fr
ASNIERES-SUR-NOUERE,16290,mairie@asnieres-sur-nouere.fr
AUBETERRE-SUR-DRONNE,16390,mairie.aubeterre-sur-dronne@wanadoo.fr
AUBEVILLE,16250,mairie.aubeville@wanadoo.fr
AUGE-SAINT-MEDARD,16170,mairie.auge-stmedard@wanadoo.fr
AUNAC,16460,mairie.aunac@wanadoo.fr
AUSSAC-VADALLE,16560,aussac.vadalle@wanadoo.fr
BAIGNES-SAINTE-RADEGONDE,16360,baignes.charente@wanadoo.fr
BALZAC,16430,mairie@balzac.fr
BARBEZIERES,16140,barbezieres@wanadoo.fr
BARBEZIEUX-SAINT-HILAIRE,16300,secretariat@mairie-barbezieux.fr
BARDENAC,16210,mairiedebardenac@wanadoo.fr
BARRET,16300,mairie.barret@wanadoo.fr
BARRO,16700,mairie-barro@wanadoo.fr
BASSAC,16120,maire@mairie-bassac.cegeteldsl.com
BAYERS,16460,communedebayers@wanadoo.fr
BAZAC,16210,bazac.mairie@wanadoo.fr
BEAULIEU-SUR-SONNETTE,16450,""
BECHERESSE,16250,mairiedebecheresse@wanadoo.fr
BELLON,16210,mairie.bellon@wanadoo.fr
BENEST,16350,mairie-benest@wanadoo.fr
BERNAC,16700,mairie.bernac16@orange.fr
BERNEUIL,16480,mairie.berneuil@wanadoo.fr
BESSAC,16250,mairie.bessac@wanadoo.fr
BESSE,16140,communebesse@wanadoo.fr
BIGNAC,16170,mairiebignac@wanadoo.fr
BIOUSSAC,16700,mairie.bioussac@wanadoo.fr
BIRAC,16120,mairie.birac16@wanadoo.fr
BLANZAC-PORCHERESSE,16250,mairie-blanzac@wanadoo.fr
BLANZAGUET-SAINT-CYBARD,16320,blanzaguet.mairie@wanadoo.fr
BOISBRETEAU,16480,mairie-boisbreteau@wanadoo.fr
BONNES,16390,mairiebonnes@wanadoo.fr
BONNEUIL,16120,mairie.bonneuil@wanadoo.fr
BONNEVILLE,16170,mairie.bonneville@wanadoo.fr
BORS-DE-BAIGNES,16360,mairie-bors-de-b@wanadoo.fr
BORS-DE-MONTMOREAU,16190,mairie.borsdemontmoreau@wanadoo.fr
BOUEX,16410,mairiedebouex@wanadoo.fr
BOURG-CHARENTE,16200,mairie-bourg-chte@wanadoo.fr
BOUTEVILLE,16120,mairie.bouteville@wanadoo.fr
BOUTIERS-SAINT-TROJAN,16100,mairiebst@alsatis.net
BRETTES,16240,mairie.brettes@wanadoo.fr
BREVILLE,16370,mairie@breville.org
BRIE,16590,mairie.brie@wanadoo.fr
BRIE-SOUS-BARBEZIEUX,16300,mairie-brie-sous-barbezieux@wanadoo.fr
BRIE-SOUS-CHALAIS,16210,mairiedebriesouschalais@wanadoo.fr
BRIGUEUIL,16420,mairie.brigueuil.16@wanadoo.fr
BRILLAC,16500,mairie-brillac@wanadoo.fr
BROSSAC,16480,mairie.brossac@wanadoo.fr
BUNZAC,16110,mairie.bunzac@wanadoo.fr
CELLEFROUIN,16260,mairiecellefrouin@wanadoo.fr
CELLETTES,16230,cellettes.mairie@wanadoo.fr
CHABANAIS,16150,mairie-chabanais@wanadoo.fr
CHABRAC,16150,chabrac.cne@wanadoo.fr
CHADURIE,16250,mairie.chadurie@wanadoo.fr
CHALAIS,16210,contact@chalais.net
CHALLIGNAC,16300,mairie.challignac@wanadoo.fr
CHAMPAGNE-MOUTON,16350,mairie-champagne@wanadoo.fr
CHAMPAGNE-VIGNY,16250,mairie.champagne-vigny@wanadoo.fr
CHAMPMILLON,16290,mairie.champmillon@wanadoo.fr
CHAMPNIERS,16430,courrier@champniers.fr
CHANTILLAC,16360,mairie.chantillac@wanadoo.fr
CHARMANT,16320,commune-charmant@wanadoo.fr
CHARME,16140,mairiedecharme@orange.fr
CHARRAS,16380,secretariat@mairie-charras.fr
CHASSENEUIL-SUR-BONNIEURE,16260,mairie.chasseneuil@wanadoo.fr
CHASSENON,16150,mairie.chassenon@wanadoo.fr
CHASSIECQ,16350,mairie-chassiecq@wanadoo.fr
CHASSORS,16200,mairie.chassors@wanadoo.fr
CHATEAUBERNARD,16100,mairie.chateaubernard@wanadoo.fr
CHATEAUNEUF-SUR-CHARENTE,16120,ville.de.chateauneuf.16@wanadoo.fr
CHATIGNAC,16480,mairie.chatignac@wanadoo.fr
CHAVENAT,16320,mairie-de-chavenat@alsatis.net
CHAZELLES,16380,mairie@chazelles-sur-lyon.fr
CHENOMMET,16460,mairie.chenommet@wanadoo.fr
CHENON,16460,mairiedechenon@wanadoo.fr
CHERVES-CHATELARS,16310,mairie.cherves.chatelars@wanadoo.fr
CHERVES-RICHEMONT,16370,com.cherves-richt@wanadoo.fr
CHILLAC,16480,mairie.chillac@wanadoo.fr
CHIRAC,16150,mairie.chirac@wanadoo.fr
CLAIX,16440,mairie.de.claix@wanadoo.fr
COGNAC,16100,mairie@ville-cognac.fr
COMBIERS,16320,mairiedecombiers@wanadoo.fr
CONDAC,16700,mairie-condac@wanadoo.fr
CONDEON,16360,mairie.condeon@wanadoo.fr
CONFOLENS,16500,mairie-confolens@wanadoo.fr
COULGENS,16560,mairie@coulgens.fr
COULONGES,16330,mairie.coulonges@wanadoo.fr
COURBILLAC,16200,communedecourbillac@orange.fr
COURCOME,16240,mairiedecourcome@wanadoo.fr
COURGEAC,16190,mairie.courgeac@wanadoo.fr
COURLAC,16210,mairiedecourlac@wanadoo.fr
COUTURE,16460,mairie.couture16@wanadoo.fr
CRESSAC-SAINT-GENIS,16250,mairie.cressacsaintgenis@wanadoo.fr
CRITEUIL-LA-MAGDELEINE,16300,mairie.criteuil-la-magdeleine@wanadoo.fr
CURAC,16210,mairie.curac@wanadoo.fr
DEVIAT,16190,mairie.deviat@wanadoo.fr
DIGNAC,16410,mairie.dignac@wanadoo.fr
DIRAC,16410, mairie@mairie-dirac.fr
DOUZAT,16290,mairiedouzat@wanadoo.fr
EBREON,16140,mairieebreon@wanadoo.fr
ECHALLAT,16170,mairie.echallat@wanadoo.fr
ECURAS,16220,mairie.ecuras@wanadoo.fr
EDON,16320,mairie.edon@wanadoo.fr
EMPURE,16240,mairie-empure@wanadoo.fr
EPENEDE,16490,mairie-epenede@wanadoo.fr
ERAVILLE,16120,mairie.eraville@wanadoo.fr
ESSE,16500,mairie-esse@wanadoo.fr
ETAGNAC,16150,mairie.etagnac@orange.fr
ETRIAC,16250,mairie.etriac@wanadoo.fr
EXIDEUIL,16150,communedexideuil@wanadoo.fr
EYMOUTHIERS,16220,mairie.eymouthiers@wanadoo.fr
FEUILLADE,16380,mairie.feuillade16@wanadoo.fr
FLEAC,16730,mairiefleac@wanadoo.fr
FLEURAC,16200,mairiedefleurac@orange.fr
FONTCLAIREAU,16230,mairie.fontclaireau@wanadoo.fr
FONTENILLE,16230,mairie.fontenille@wanadoo.fr
FOUQUEBRUNE,16410,fouquebrune@wanadoo.fr
FOUQUEURE,16140,mairie-de-fouqueure@wanadoo.fr
FOUSSIGNAC,16200,commune-de-foussignac@wanadoo.fr
GARAT,16410,mairie.garat@wanadoo.fr
GARDES-LE-PONTAROUX,16320,gardeslepontaroux@wanadoo.fr
GENAC,16170,mairie-genac@orange.fr
GENOUILLAC,16270,mairiegenouillac@wanadoo.fr
GENSAC-LA-PALLUE,16130,gensac.mairie@wanadoo.fr
GENTE,16130,mairiedegente@wanadoo.fr
GIMEUX,16130,mairie.gimeux@wanadoo.fr
GONDEVILLE,16200,mairiedegondeville@wanadoo.fr
GOND-PONTOUVRE,16160,ville-gondpontouvre@wanadoo.fr
GOURVILLE,16170,mairie_gourville@yahoo.fr
GRASSAC,16380,cne.grassac@wanadoo.fr
GRAVES-SAINT-AMANT,16120,mairie.gravesstamant@wanadoo.fr
GUIMPS,16300,mairiedeguimps@wanadoo.fr
GUIZENGEARD,16480,mairie.guizengeard@wanadoo.fr
GURAT,16320,mairie-de-gurat@wanadoo.fr
HIERSAC,16290,mairie.hiersac@wanadoo.fr
HIESSE,16490,mairie-hiesse@wanadoo.fr
HOULETTE,16200,commune.houlette@wanadoo.fr
JARNAC,16200,mairie@ville-de-jarnac.fr
JAULDES,16560,mairie.jauldes@wanadoo.fr
JAVREZAC,16100,mairie.javrezac@wanadoo.fr
JUIGNAC,16190,mairie.juignac@wanadoo.fr
JUILLAC-LE-COQ,16130,mairiedejuillaclecoq@wanadoo.fr
JUILLAGUET,16320,mairie.juillaguet@orange.fr
JUILLE,16230,mairie.juille@orange.fr
JULIENNE,16200,mairie-de-julienne@wanadoo.fr
JURIGNAC,16250,mairie.jurignac@wanadoo.fr
LACHAISE,16300,mairie.lachaise@wanadoo.fr
LA-CHAPELLE,16140,mairie.la.chapelle@wanadoo.fr
LA-CHEVRERIE,16240,mairie.chevrerie@wanadoo.fr
LA-COURONNE,16400,mairie@mairie-lacouronne.fr
LADIVILLE,16120,mairie.ladiville@wanadoo.fr
LA-FAYE,16700,communelafaye@orange.fr
LA-FORET-DE-TESSE,16240,la-foret-de-tesse@wanadoo.fr
LAGARDE-SUR-LE-NE,16300,mairie.lagarde-slene@wanadoo.fr
LA-MAGDELEINE,16240,mairielamagdeleine@wanadoo.fr
LAMERAC,16300,mairie-lamerac@wanadoo.fr
LA-PERUSE,16270,mairie.laperuse@wanadoo.fr
LAPRADE,16390,mairie.laprade@wanadoo.fr
LA-ROCHEFOUCAULD,16110,ville.larochefoucauld@wanadoo.fr
LA-ROCHETTE,16110,mairie-larochette16@wanadoo.fr
LA-TACHE,16260,mairiedelatache@wanadoo.fr
LE-BOUCHAGE,16350,mairie-lebouchage@wanadoo.fr
LE-GRAND-MADIEU,16450,grand.madieu@wanadoo.fr
LE-LINDOIS,16310,le-lindois.cne@wanadoo.fr
LES-ADJOTS,16700,mairielesadjots@wanadoo.fr
LES-ESSARDS,16210, les.essards@mairie17.com
LES-GOURS,16140,""
LESIGNAC-DURAND,16310,mairie.lesignac@wanadoo.fr
LES-METAIRIES,16200,mairie.lesmetairies@wanadoo.fr
LES-PINS,16260,lespinsmairie@wanadoo.fr
LESSAC,16500,communelessac@wanadoo.fr
LESTERPS,16420,mairie.lesterps@wanadoo.fr
LE-TATRE,16360,commune-de-le-tatre@orange.fr
LE-VIEUX-CERIER,16350,mairie-vxcerier@wanadoo.fr
LICHERES,16460,mairie.licheres@wanadoo.fr
LIGNE,16140,mairie.ligne@wanadoo.fr
LIGNIERES-SONNEVILLE,16130,mairie-lignieres-sonneville@wanadoo.fr
LINARS,16730,mairie-linars@wanadoo.fr
L'ISLE-D'ESPAGNAC,16340,mairie@mairie-lisledespagnac.fr
LONDIGNY,16700,mairie.londigny@orange.fr
LONGRE,16240,mairie.longre@wanadoo.fr
LONNES,16230,mairie.lonnes@nordcharentewireless.com
LOUZAC-SAINT-ANDRE,16100,mairie.louzacstandre@wanadoo.fr
LUPSAULT,16140,mairie-lupsault@wanadoo.fr
LUSSAC,16450,communedelussac@wanadoo.fr
LUXE,16230,mairie.luxe@wanadoo.fr
MAGNAC-LAVALETTE-VILLARS,16320,mairie.magnaclavalette@wanadoo.fr
MAGNAC-SUR-TOUVRE,16600,mairie@magnacsurtouvre.fr
MAINE-DE-BOIXE,16230,mairie.mainedeboixe@wanadoo.fr
MAINFONDS,16250,mairie.de.mainfonds@wanadoo.fr
MAINXE,16200,mairie.mainxe@orange.fr
MAINZAC,16380,mairie.mainzac@wanadoo.fr
MALAVILLE,16120,mairie.malaville@wanadoo.fr
MANOT,16500,mairie-de-manot.manot@wanadoo.fr
MANSLE,16230,mairie.mansle@wanadoo.fr
MARCILLAC-LANVILLE,16140,marcillac.lanville@wanadoo.fr
MAREUIL,16170,mareuilcharente@wanadoo.fr
MARILLAC-LE-FRANC,16110,mairie-marillaclefranc@wanadoo.fr
MARSAC,16570,mairie@marsac.fr
MARTHON,16380,mairie-de-marthon@wanadoo.fr
MASSIGNAC,16310,mairie.massignac@wanadoo.fr
MAZEROLLES,16310,commune-de-mazerolles@wanadoo.fr
MAZIERES,16270,mazieres.mairie@wanadoo.fr
MEDILLAC,16210,medillac.mairie@wanadoo.fr
MERIGNAC,16200,communedemerignac@orange.fr
MERPINS,16100,mairie.merpins@wanadoo.fr
MESNAC,16370,commune.mesnac@wanadoo.fr
MONS,16140,mairie-mons@wanadoo.fr
MONTBOYER,16620,montboyer.mairie@wanadoo.fr
MONTBRON,16220,mairie.montbron@wanadoo.fr
MONTCHAUDE,16300,mairie-montchaude@wanadoo.fr
MONTEMBOEUF,16310,mairie.montemboeuf@wanadoo.fr
MONTIGNAC-CHARENTE,16330,mairie.montignac-chte@orange.fr
MONTIGNAC-LE-COQ,16390,communemontignaclecoq@wanadoo.fr
MONTIGNE,16170,mairie.montigne@wanadoo.fr
MONTJEAN,16240,mairiemontjean@wanadoo.fr
MONTMOREAU-SAINT-CYBARD,16190,mairie.montmoreaustcybard@wanadoo.fr
MONTROLLET,16420,mairie.montrollet@wanadoo.fr
MORNAC,16600,commune-de-mornac@wanadoo.fr
MOSNAC,16120,mairie.mosnac@wanadoo.fr
MOULIDARS,16290,communemoulidars@wanadoo.fr
MOUTHIERS-SUR-BOEME,16440,mairie.mouthiers@wanadoo.fr
MOUTON,16460,mairie.mouton@wanadoo.fr
MOUTONNEAU,16460,mairie.moutonneau@wanadoo.fr
MOUZON,16310,mouzon.mairie@wanadoo.fr
NABINAUD,16390,mairie.nabinaud@wanadoo.fr
NANCLARS,16230,mairie.nanclars@wanadoo.fr
NANTEUIL-EN-VALLEE,16700,nanteuil-en-vallee.mairie@wanadoo.fr
NERCILLAC,16200,mairie-nercillac@wanadoo.fr
NERSAC,16440,mairie.nersac@wanadoo.fr
NIEUIL,16270,mairiedenieuil@orange.fr
NONAC,16190,mairie.nonac@wanadoo.fr
NONAVILLE,16120,nonaville16@wanadoo.fr
ORADOUR,16140,mairie-oradour@wanadoo.fr
ORADOUR-FANAIS,16500,mairie-oradourfanais@wanadoo.fr
ORGEDEUIL,16220,mairie-dorgedeuil@wanadoo.fr
ORIOLLES,16480,mairie.oriolles@wanadoo.fr
ORIVAL,16210,mairie.orival@wanadoo.fr
PAIZAY-NAUDOUIN-EMBOURIE,16240,mairie.paizay-naudouin@wanadoo.fr
PALLUAUD,16390,""
PARZAC,16450,communedeparzac@orange.fr
PASSIRAC,16480,commune.passirac@wanadoo.fr
PEREUIL,16250,mairiepereuil@wanadoo.fr
PERIGNAC,16250,mairie-perignac@wanadoo.fr
PILLAC,16390,communedepillac@wanadoo.fr
PLAIZAC,16170,communeplaizac@orange.fr
PLASSAC-ROUFFIAC,16250,mairie.plassac@wanadoo.fr
PLEUVILLE,16490,mairie-pleuville@wanadoo.fr
POULLIGNAC,16190,mairie.poullignac@wanadoo.fr
POURSAC,16700,communedepoursac@wanadoo.fr
PRANZAC,16110,mairie.pranzac@wanadoo.fr
PRESSIGNAC,16150,mairie.pressignac@wanadoo.fr
PUYMOYEN,16400,contact@puymoyen.fr
PUYREAUX,16230,mairie.puyreaux@orange.fr
RAIX,16240,mairiederaix@wanadoo.fr
RANCOGNE,16110,mairie.rancogne@wanadoo.fr
RANVILLE-BREUILLAUD,16140,mairie.ranville.breuillaud@wanadoo.fr
REIGNAC,16360,mairiereignac@wanadoo.fr
REPARSAC,16200,reparsac.mairie@wanadoo.fr
RIOUX-MARTIN,16210,rioux-martin@orange.fr
RIVIERES,16110,mairie.rivieres@wanadoo.fr
RONSENAC,16320,commune.ronsenac@wanadoo.fr
ROUFFIAC,16210,""
ROUGNAC,16320,commune.rougnac@wanadoo.fr
ROUILLAC,16170,Mairie@ville-rouillac.fr
ROULLET-SAINT-ESTEPHE,16440,infos@roulletstestephe.fr
ROUMAZIERES-LOUBERT,16270,mairie@mairie-roumazieres-loubert.com
ROUSSINES,16310,mairiederoussines@wanadoo.fr
ROUZEDE,16220,mairiederouzede@wanadoo.fr
RUELLE-SUR-TOUVRE,16600,mairie@ville-ruellesurtouvre.fr
RUFFEC,16700,direction.generale@mairie-ruffec.fr
SAINT-ADJUTORY,16310,mairie.stadjutory@wanadoo.fr
SAINT-AMANT-DE-BOIXE,16330,mairie.stamboixe@wanadoo.fr
SAINT-AMANT-DE-BONNIEURE,16230,mairiefaure@wanadoo.fr
SAINT-AMANT-DE-NOUERE,16170,mairie.stamantdenouere@orange.fr
SAINT-ANGEAU,16230,mairie.saint.angeau@wanadoo.fr
SAINT-AULAIS-LA-CHAPELLE,16300,mairie.saintaulais@wanadoo.fr
SAINT-AVIT,16210,stavit.mairie@wanadoo.fr
SAINT-BONNET,16300,mairie.saint-bonnet@wanadoo.fr
SAINT-BRICE,16100,mairie.saintbrice.16@wanadoo.fr
SAINT-CHRISTOPHE,16420,mairie-stchristophe@wanadoo.fr
SAINT-CIERS-SUR-BONNIEURE,16230,mairie-saint-ciers@wanadoo.fr
SAINT-CLAUD,16450,mairie.saint.claud@cegetel.net
SAINT-COUTANT,16350,mairie-st.coutant@wanadoo.fr
SAINT-CYBARDEAUX,16170,mairie.stcybardeaux@wanadoo.fr
SAINTE-COLOMBE,16230,mairie.sainte-colombe@wanadoo.fr
SAINTE-SEVERE,16200,mairie-ste-severe@wanadoo.fr
SAINTE-SOULINE,16480,commune.sainte-souline@wanadoo.fr
SAINT-EUTROPE,16190,mairie.sainteutrope@wanadoo.fr
SAINT-FELIX,16480,st-felix.mairie@orange.fr
SAINT-FORT-SUR-LE-NE,16130,mairie.st-fort@wanadoo.fr
SAINT-FRAIGNE,16140,mairie-saint-fraigne@wanadoo.fr
SAINT-FRONT,16460,mairie.saintfront@wanadoo.fr
SAINT-GENIS-D'HIERSAC,16570,mairie-stgenis-hiersac@wanadoo.fr
SAINT-GEORGES,16700,communedestgeorges@wanadoo.fr
SAINT-GERMAIN-DE-CONFOLENS,16500,""
SAINT-GERMAIN-DE-MONTBRON,16380,mairie.st-germain@wanadoo.fr
SAINT-GOURSON,16700,mairie.stgourson@wanadoo.fr
SAINT-GROUX,16230,mairie.saintgroux@wanadoo.fr
SAINT-LAURENT-DE-BELZAGOT,16190,mairiestlaurentdebelzagot@wanadoo.fr
SAINT-LAURENT-DE-CERIS,16450,mairiestlaurentdeceris@wanadoo.fr
SAINT-LAURENT-DE-COGNAC,16100,mairie-saint-laurent-de-cognac@wanadoo.fr
SAINT-LAURENT-DES-COMBES,16480,mairie-de-st-laurent-des-combes@wanadoo.fr
SAINT-LEGER,16250,mairie.saintleger16@wanadoo.fr
SAINT-MARTIAL,16190,mairie.saintmartial@wanadoo.fr
SAINT-MARTIN-DU-CLOCHER,16700,mairie.stmartinduclocher@orange.fr
SAINT-MARY,16260,saint-mary@wanadoo.fr
SAINT-MAURICE-DES-LIONS,16500,mairiestmaurice@wanadoo.fr
SAINT-MEDARD-DE-BARBEZIEUX,16300,mairie-st-medard-de-bzx@wanadoo.fr
SAINT-MEME-LES-CARRIERES,16720,mairie.st.meme.les.carrieres@wanadoo.fr
SAINT-MICHEL,16470,mairie.saint.michel@wanadoo.fr
SAINT-PALAIS-DU-NE,16300,mairie-saint-palais@wanadoo.fr
SAINT-PREUIL,16130,mairie.saint-preuil@wanadoo.fr
SAINT-PROJET-SAINT-CONSTANT,16110,mairiest-projet-st-constant@wanadoo.fr
SAINT-QUENTIN-DE-CHALAIS,16210,commune.st-quentin-de-chalais@wanadoo.fr
SAINT-QUENTIN-SUR-CHARENTE,16150,st-quentin-sur-charente.cne@wanadoo.fr
SAINT-ROMAIN,16210,mairie.stromain@wanadoo.fr
SAINT-SATURNIN,16290,mairie.saint-saturnin@wanadoo.fr
SAINT-SEVERIN,16390,mairie-st.severin@wanadoo.fr
SAINT-SIMEUX,16120,mairie.saint-simeux@wanadoo.fr
SAINT-SIMON,16120,mairiestsimon2@wanadoo.fr
SAINT-SORNIN,16220,mairie.stsornin@wanadoo.fr
SAINT-SULPICE-DE-COGNAC,16370,mairie.stsulpicedecognac@wanadoo.fr
SAINT-SULPICE-DE-RUFFEC,16460,stsulpicederuffec@wanadoo.fr
SAINT-VALLIER,16480,mairie-saint-vallier@wanadoo.fr
SAINT-YRIEIX-SUR-CHARENTE,16710,contact@saintyrieix-16.fr
SALLES-D'ANGLES,16130,mairie.sallesdangles@orange.fr
SALLES-DE-BARBEZIEUX,16300,salles.de.barbezieux@wanadoo.fr
SALLES-DE-VILLEFAGNAN,16700,mairie.salles-de-villefagnan@wanadoo.fr
SALLES-LAVALETTE,16190,mairie.salleslavalette@wanadoo.fr
SAULGOND,16420,mairiesaulgond@wanadoo.fr
SAUVAGNAC,16310,communedesauvagnac@orange.fr
SAUVIGNAC,16480,mairie-sauvignac@nordnet.fr
SEGONZAC,16130,mairie.segonzac@wanadoo.fr
SERS,16410,mairie.sers16@wanadoo.fr
SIGOGNE,16200,mairie.sigogne@wanadoo.fr
SIREUIL,16440,mairie.sireuil@wanadoo.fr
SONNEVILLE,16170,mairie.sonneville@wanadoo.fr
SOUFFRIGNAC,16380,souffrignac.mairie@orange.fr
SOUVIGNE,16240,commune.souvigne@wanadoo.fr
SOYAUX,16800,mairie@mairie-soyaux.fr
SUAUX,16260,mairie.suaux@wanadoo.fr
SURIS,16270,cne.suris@libertysurf.fr
TAIZE-AIZIE,16700,mairie-taize.aizie@wanadoo.fr
TAPONNAT-FLEURIGNAC,16110,mairie.tpt@wanadoo.fr
THEIL-RABIER,16240,communeletheilrabier@wanadoo.fr
TORSAC,16410,mairietorsac@wanadoo.fr
TOURRIERS,16560,mairie.tourriers@wanadoo.fr
TOUVERAC,16360,mairie-touverac@wanadoo.fr
TOUVRE,16600,touvre@wanadoo.fr
TOUZAC,16120,mairie-touzac16@orange.fr
TRIAC-LAUTRAIT,16200,mairie.triaclautrait@wanadoo.fr
TROIS-PALIS,16730,mairie.troispalis@wanadoo.fr
TURGON,16350,mairie-turgon@wanadoo.fr
TUSSON,16140,mairie.tusson@wanadoo.fr
TUZIE,16700,mairie.tuzie@wanadoo.fr
VALENCE,16460,valence.mairie@wanadoo.fr
VARS,16330,mairie.vars16@wanadoo.fr
VAUX-LAVALETTE,16320,mairiedevauxlavalette@wanadoo.fr
VAUX-ROUILLAC,16170,mairie-vaux@wanadoo.fr
VENTOUSE,16460,mairie.ventouse@wanadoo.fr
VERDILLE,16140,mairie.verdille@wanadoo.fr
VERNEUIL,16310,mairieverneuil@orange.fr
VERRIERES,16130,mairie-verrieres-gc@wanadoo.fr
VERTEUIL-SUR-CHARENTE,16510,mairie.verteuilsurcharente@wanadoo.fr
VERVANT,16330,mairie-vervant@wanadoo.fr
VIBRAC,16120,vibrac.mairie@wanadoo.fr
VIEUX-RUFFEC,16350,mairie-vxruffec@wanadoo.fr
VIGNOLLES,16300,mairie.vignolles@wanadoo.fr
VILHONNEUR,16220,vilhonneurcitedelapierre@wanadoo.fr
VILLEBOIS-LAVALETTE,16320, contact@villebois-lavalette.com
VILLEFAGNAN,16240,mairie-villefagnan@wanadoo.fr
VILLEGATS,16700,mairie.villegats@wanadoo.fr
VILLEJESUS,16140,mairie.villejesus@wanadoo.fr
VILLEJOUBERT,16560,mairie.villejoubert@wanadoo.fr
VILLIERS-LE-ROUX,16240,mairie.villiersleroux@wanadoo.fr
VILLOGNON,16230,mairie.villognon@wanadoo.fr
VINDELLE,16430,mairie@vindelle.fr
VITRAC-SAINT-VINCENT,16310,mairievitracstvincent@wanadoo.fr
VIVILLE,16120,mairie.viville@wanadoo.fr
VOEUIL-ET-GIGET,16400,mairie.voeuil@wanadoo.fr
VOUHARTE,16330,mairie-vouharte@orange.fr
VOULGEZAC,16250,commune-de-voulgezac@wanadoo.fr
VOUTHON,16220,mairiedevouthon@wanadoo.fr
VOUZAN,16410,mairie.vouzan@wanadoo.fr
XAMBES,16330,mairie.xambes@wanadoo.fr
YVIERS,16210,mairie-yviers@wanadoo.fr
YVRAC-ET-MALLEYRAND,16110,mairie.yvracetmalleyrand@wanadoo.fr
AGUDELLE,17500,agudelle@mairie17.com
AIGREFEUILLE-D'AUNIS,17290,mairie-aigrefeuille@mairie-aigrefeuille.fr
ALLAS-BOCAGE,17150,mairie-allas-bocage@orange.fr
ALLAS-CHAMPAGNE,17500,allas-champagne@mairie17.com
ANAIS,17540,anais@mairie17.com
ANDILLY,17230,andilly@mairie17.com
ANGLIERS,17540,angliers@mairie17.com
ANGOULINS-SUR-MER,17690,dg.mairie@angoulins.fr
ANNEPONT,17350,annepont@mairie17.com
ANNEZAY,17380,commune.annezay@wanadoo.fr
ANTEZANT-LA-CHAPELLE,17400,antezant.la.chapelle@mairie17.com
ARCES-SUR-GIRONDE,17120,arces.sur.gironde@mairie17.com
ARCHIAC,17520,secretariat@archiac.fr
ARCHINGEAY,17380,archingeay@mairie17.com
ARDILLIERES,17290,ardillieres@mairie17.com
ARS-EN-RE,17590,arsenre@mairie17.com
ARTHENAC,17520,arthenac@mairie17.com
ARVERT,17530,mairie@ville-arvert.fr
ASNIERES-LA-GIRAUD,17400,asniereslagiraud@mairie17.com
AUJAC,17770,mairie.aujac@wanadoo.fr
AULNAY-DE-SAINTONGE,17470,aulnay.de.saintonge@mairie17.com
AUMAGNE,17770,aumagne@mairie17.com
AUTHON-EBEON,17770,authon-ebeon@mairie17.com
AVY,17800,avy@mairie17.com
AYTRE,17440,information@aytre.fr
BAGNIZEAU,17160,mairie-de-bagnizeau@wanadoo.fr
BALANZAC,17600,balanzac@mairie17.com
BALLANS,17160,ballans@mairie17.com
BALLON,17290,ballon@mairie17.com
BARZAN,17120,barzan@mairie17.com
BAZAUGES,17490,bazauges@wanadoo.fr
BEAUGEAY,17620,mairie.beaugeay@wanadoo.fr
BEAUVAIS-SUR-MATHA,17490,beauvais-sur-matha@mairie17.com
BEDENAC,17210,bedenac@mairie17.com
BELLUIRE,17800,mairie.belluire@wanadoo.fr
BENON,17170,mairie-benon@smic17.fr
BERCLOUX,17770,bercloux@mairie17.com
BERNAY-SAINT-MARTIN,17330,mairie-bernay-st-martin@smic17.fr
BERNEUIL,17460,berneuil@mairie17.com
BEURLAY,17250,beurlay@mairie17.com
BIGNAY,17400,bignay@mairie17.com
BIRON,17800,biron@mairie17.com
BLANZAC-LES-MATHA,17160,blanzac-les-matha.mairie17@wanadoo.fr
BLANZAY-SUR-BOUTONNE,17470,blanzay-sur-boutonne@mairie17.com
BOIS,17240,mairie.bois@wanadoo.fr
BOISREDON,17150,boisredon@mairie17.com
BORDS,17430,bords@mairie17.com
BORESSE-ET-MARTRON,17270,boresse.et.martron@mairie17.com
BOSCAMNANT,17360,boscamnant@mairie17.com
BOUGNEAU,17800,bougneau@mairie17.com
BOUHET,17540,mairie.bouhet@wanadoo.fr
BOURCEFRANC-LE-CHAPUS,17560,bourcefranc-le-chapus@mairie17.com
BOURGNEUF,17220,mairie.bourgneuf@wanadoo.fr
BOUTENAC-TOUVENT,17120,boutenac-touvent@orange.fr
BRAN,17210,""
BRESDON,17490,""
BREUIL-LA-REORTE,17700,breuil-la-reorte@mairie17.com
BREUILLET,17920,mairie@breuillet-17.fr
BREUIL-MAGNE,17870,mairie.breuil-magne@wanadoo.fr
BRIE-SOUS-ARCHIAC,17520,mairiebrie.archiac@free.fr
BRIE-SOUS-MATHA,17160,mairiebriesousmatha@wanadoo.fr
BRIE-SOUS-MORTAGNE,17120,brie.sous.mortagne@mairie17.com
BRIVES-SUR-CHARENTE,17800,mairie.brives.chrte@wanadoo.fr
BRIZAMBOURG,17770,brizambourg@mairie17.com
BURIE,17770,mairie.burie@wanadoo.fr
BUSSAC-FORET,17210,bussac-foret@mairie17.com
BUSSAC-SUR-CHARENTE,17100,mairie@bussac-sur-charente.com
CABARIOT,17430,cabariot@mairie17.com
CELLES,17520,mairie.celles@wanadoo.fr
CERCOUX,17270,commune.cercoux@smic17.fr
CHADENAC,17800,chadenac@mairie17.com
CHAILLEVETTE,17890,chaillevette@mairie17.com
CHAMBON,17290,mairie.chambon17@wanadoo.fr
CHAMOUILLAC,17130,chamouillac@mairie17.com
CHAMPAGNAC,17500,mairie.champagnac17@wanadoo.fr
CHAMPAGNE,17620,champagne@mairie17.com
CHAMPAGNOLLES,17240,champagnolles@mairie17.com
CHAMPDOLENT,17430,mairie.champdolent@orange.fr
CHANIERS,17610,mairie-chaniers17@wanadoo.fr
CHANTEMERLE-SUR-LA-SOIE,17380,chantemerle-sur-la-soie@orange.fr
CHARRON,17230,mairie-de-charron@wanadoo.fr
CHARTUZAC,17130,mairie.chartuzac@wanadoo.fr
CHATELAILLON-PLAGE,17340,mairie@chatelaillonplage.fr
CHATENET,17210,chatenet@mairie17.com
CHAUNAC,17130,mairie.chaunac@wanadoo.fr
CHENAC-SAINT-SEURIN-D'UZET,17120,chenac.saint.seurin.duzet@mairie17.com
CHEPNIERS,17210,chepniers@mairie17.com
CHERAC,17610,mairie.cherac@wanadoo.fr
CHERBONNIERES,17470,cherbonnieres@mairie17.com
CHERMIGNAC,17460,mairie-chermignac@wanadoo.fr
CHERVETTES,17380,mairie.chervettes@wanadoo.fr
CHEVANCEAUX,17210,chevanceaux@mairie17.com
CHIVES,17510,chives@mairie17.com
CIERZAC,17520,cierzac@mairie17.com
CIRE-D'AUNIS,17290,cire.daunis@mairie17.com
CLAM,17500,mairie.clam17@orange.fr
CLAVETTE,17220,infos@mairie-clavette.fr
CLERAC,17270,clerac@mairie17.com
CLION,17240,clion.sur.seugne@mairie17.com
COIVERT,17330,coivert@mairie17.com
COLOMBIERS,17460,colombiers@mairie17.com
CONSAC,17150,consac@mairie17.com
CONTRE,17470,contre@mairie17.com
CORIGNAC,17130,mairie.corignac@wanadoo.fr
CORME-ECLUSE,17600,corme-ecluse@mairie17.com
CORME-ROYAL,17600,mairie.cormeroyal@free.fr
COULONGES,17800,coulonges@mairie17.com
COURANT,17330,mairie.courant@wanadoo.fr
COURCELLES,17400,courcelles@mairie17.com
COURCERAC,17160,mairie.courcerac@wanadoo.fr
COURCON,17170,mairie.courcon@mairie17.com
COURCOURY,17100,courcoury@mairie17.com
COURPIGNAC,17130,mairie-courpignac@wanadoo.fr
COUX,17130,mairie-de-coux@wanadoo.fr
COZES,17120,mairie@cozes.com
CRAM-CHABAN,17170,cram-chaban@mairie17.com
CRAVANS,17260,cravans@mairie17.com
CRAZANNES,17350,crazannes@mairie17.com
CRESSE,17160,cresse@mairie17.com
CROIX-CHAPEAU,17220,mairie.de.croix.chapeau@wanadoo.fr
DAMPIERRE-SUR-BOUTONNE,17470,dampierre-sur-boutonne@mairie17.com
DOEUIL-SUR-LE-MIGNON,17330,mairie.doeuil@wanadoo.fr
DOLUS-D'OLERON,17550,mairie@ville-dolus-oleron.fr
DOMPIERRE-SUR-CHARENTE,17610,mairie.dompierresurcharente@wanadoo.fr
DOMPIERRE-SUR-MER,17139,mairie@ville-dompierre-sur-mer.fr
ECHEBRUNE,17800,echebrune@mairie17.com
ECHILLAIS,17620,mairie@ville-echillais.fr
ECOYEUX,17770,mairie.ecoyeux@wanadoo.fr
ECURAT,17810,ecurat@mairie17.com
EPARGNES,17120,mairie.epargnes@wanadoo.fr
ESNANDES,17137,accueil@esnandes.fr
ETAULES,17750,etaules@mairie17.com
EXPIREMONT,17130,mairie.expiremont@wanadoo.fr
FENIOUX,17350,fenioux@mairie17.com
FERRIERES,17170,mairie.ferrieres.17@wanadoo.fr
FLEAC-SUR-SEUGNE,17800,fleac.sur.seugne@mairie17.com
FLOIRAC,17120,floirac@mairie17.com
FONTAINE-CHALENDRAY,17510,fontaine.chalendray@mairie17.com
FONTAINES-D'OZILLAC,17500,fontaines-ozillac@wanadoo.fr
FONTCOUVERTE,17100,mairie@fontcouverte17.fr
FONTENET,17400,fontenet@mairie17.com
FORGES,17290,mairie.forges@wanadoo.fr
FOURAS,17450,fouras@mairie17.com
GEAY,17250,geay@mairie17.com
GEMOZAC,17260,gemozac@mairie17.com
GENOUILLE,17430,genouille@mairie17.com
GERMIGNAC,17520,germignac@mairie17.com
GIBOURNE,17160,gibourne@mairie17.com
GIVREZAC,17260,givrezac@mairie17.com
GOURVILLETTE,17490,commune-gourvillette@orange.fr
GRANDJEAN,17350,grandjean@mairie17.com
GREZAC,17120,grezac@mairie17.com
GUITINIERES,17500,mairieguitinieres@wanadoo.fr
HAIMPS,17160,haimps@mairie17.com
HIERS-BROUAGE,17320,mairie-hiers-brouage@smic17.fr
ILE-D'AIX,17123,mairie@iledaix.fr
JARNAC-CHAMPAGNE,17520,mairie-jarnac-champagne@wanadoo.fr
JAZENNES,17260,jazennes@mairie17.com
JONZAC,17500,mairie.jonzac@wanadoo.fr
JUICQ,17770,juicq@mairie17.com
JUSSAS,17130,mairie-jussas@wanadoo.fr
LA-BARDE,17360,mairie-la-barde@wanadoo.fr
LA-BENATE,17400,la-benate@mairie17.com
LA-BREE-LES-BAINS,17840,labreelesbains@wanadoo.fr
LA-BROUSSE,17160,la-brousse@mairie17.com
LA-CHAPELLE-DES-POTS,17100,mairie.lachapelledespots@ceso-numerique.com
LA-CLISSE,17600,mairie-la-clisse@smic17.fr
LA-CLOTTE,17360,la.clotte@mairie17.com
LA-COUARDE-SUR-MER,17670,lacouardesurmer@mairie17.com
LA-CROIX-COMTESSE,17330,la-croix-comtesse@mairie17.com
LA-FLOTTE,17630,contact@laflotte.fr
LA-FREDIERE,17770,la.frediere@mairie17.com
LA-GENETOUZE,17360,la.genetouze@mairie17.com
LAGORD,17140,accueil@mairie-lagord.fr
LA-GREVE-SUR-MIGNON,17170,lagrevesurmignon@mairie17.com
LA-GRIPPERIE-SAINT-SYMPHORIEN,17620,mairie-gripperie@wanadoo.fr
LA-JARD,17460,la.jard@mairie17.com
LA-JARNE,17220,mairie.lj@wanadoo.fr
LA-JARRIE,17220,mairie@la-jarrie.fr
LA-JARRIE-AUDOUIN,17330,la-jarrie-audouin@mairie17.com
LA-LAIGNE,17170,mairie.lalaigne@orange.fr
LANDES,17380,landes@mairie17.com
LANDRAIS,17290,mairie-landrais@smic17.fr
LA-ROCHELLE,17000,mairie@ville-larochelle.fr
LA-RONDE,17170,la.ronde@mairie17.com
LA-TREMBLADE,17390,mairie@la-tremblade.com
LA-VALLEE,17250,la.vallee@mairie17.com
LA-VERGNE,17400,la.vergne@mairie17.com
LA-VILLEDIEU,17470,la-villedieu@mairie17.com
LE-BOIS-PLAGE-EN-RE,17580,contact@leboisplage.com
LE-CHATEAU-D'OLERON,17480,accueil.chateau.oleron@mairie17.com
LE-CHAY,17600,le.chay@mairie17.com
LE-DOUHET,17100,le.douhet@mairie17.com
LE-FOUILLOUX,17270,mairie-le-foulliou@wanadoo.fr
LE-GICQ,17160,le.gicq@mairie17.com
LE-GRAND-VILLAGE-PLAGE,17370,legrandvillageplage@mairie17.com
LE-GUA,17600,mairie-le.gua@smic17.fr
LE-GUE-D'ALLERE,17540,le-gue-dallere@mairie17.com
L'EGUILLE,17600,mairie.eguille@wanadoo.fr
LE-MUNG,17350,lemung@mairie17.com
LEOVILLE,17500,mairie.leoville@wanadoo.fr
LE-PIN,17210,st.denis.du.pin@mairie17.com
LES-EDUTS,17510,les-eduts@mairie17.com
LES-EGLISES-D'ARGENTEUIL,17400,eglises.argenteuil@mairie17.com
LES-ESSARDS,17250,les.essards@mairie17.com
LE-SEURE,17770,le.seure@mairie17.com
LES-GONDS,17100,mairie-les-gonds@wanadoo.fr
LES-MATHES,17570,contact@la-palmyre-les-mathes.com
LES-NOUILLERS,17380,les.nouillers@mairie17.com
LES-PORTES-EN-RE,17880,portes-en-re@mairie17.com
LES-TOUCHES-DE-PERIGNY,17160,touches-de-perigny@mairie17.com
LE-THOU,17290,le.thou@mairie17.com
L'HOUMEAU,17137,lhoumeau@mairie17.com
LOIRE-LES-MARAIS,17870,loire.les.marais@mairie17.com
LOIRE-SUR-NIE,17470,loire.sur.nie@mairie17.com
LOIX,17111,mairie-loix@smic17.fr
LONGEVES,17230,longeves2@wanadoo.fr
LONZAC,17520,mairie.lonzac@wanadoo.fr
LORIGNAC,17240,lorignac@mairie17.com
LOULAY,17330,loulay.mairie@wanadoo.fr
LOUZIGNAC,17160,louzignac@mairie17.com
LOZAY,17330,lozay@mairie17.com
LUCHAT,17600,luchat@mairie17.com
LUSSAC,17500,lussac-mairie@wanadoo.fr
LUSSANT,17430,lussant@mairie17.com
MACQUEVILLE,17490,macqueville@mairie17.com
MARANS,17230,a.g@ville-marans.fr
MARENNES,17320,mairie@marennes.fr
MARIGNAC,17800,marignac@mairie17.com
MARSAIS,17700,marsais@mairie17.com
MARSILLY,17137,mairie@marsilly.fr
MASSAC,17490,massac@mairie17.com
MATHA,17160,matha@mairie17.com
MAZERAY,17400,mazeray@mairie17.com
MAZEROLLES,17800,mmazerolles@wanadoo.fr
MEDIS,17600,Secretariat.Medis17@wanadoo.fr
MERIGNAC,17210,mairie.merignac@wanadoo.fr
MESCHERS-SUR-GIRONDE,17132,mairie@meschers.com
MESSAC,17130,mairie.messac@wanadoo.fr
MEURSAC,17120,meursac@mairie17.com
MEUX,17500,mairie.meux@wanadoo.fr
MIGRE,17330,mairie-migre@smic17.fr
MIGRON,17770,migron@mairie17.com
MIRAMBEAU,17150,mirambeau.mairie@orange.fr
MOEZE,17780,moeze@mairie17.com
MOINGS,17500,mairiemoings@free.fr
MONS,17160,mons4@wanadoo.fr
MONTENDRE,17130,mairie@ville-montendre.fr
MONTGUYON,17270,montguyon@mairie17.com
MONTILS,17800,montils@mairie17.com
MONTLIEU-LA-GARDE,17210,mairiemontlieulagarde@wanadoo.fr
MONTPELLIER-DE-MEDILLAN,17260,montpellier.de.medillan@mairie17.com
MONTROY,17220,mairie.montroy@wanadoo.fr
MORAGNE,17430,mairiemoragne@mairie17.com
MORNAC-SUR-SEUDRE,17113,mairie.mornac.seudre@wanadoo.fr
MORTAGNE-SUR-GIRONDE,17120,mairie-mortagne@smic17.fr
MORTIERS,17500,mairie-mortiers@wanadoo.fr
MOSNAC,17240,mosnac@mairie17.com
MURON,17430,muron@mairie17.com
NACHAMPS,17380,nachamps@mairie17.com
NANCRAS,17600,nancras@mairie17.com
NANTILLE,17770,nantille.mairie17@wanadoo.fr
NERE,17510,nere@mairie17.com
NEUILLAC,17520,neuillac@mairie17.com
NEULLES,17500,mairiedeneulles@wanadoo.fr
NEUVICQ-LE-CHATEAU,17490,neuvicq-le-chateau@mairie17.com
NEUVICQ-MONTGUYON,17270,neuvicq@mairie17.com
NIEUL-LES-SAINTES,17810,nieul-les-saintes@mairie17.com
NIEULLE-SUR-SEUDRE,17600,nieulle@bassin-de-marennes.com
NIEUL-LE-VIROUIL,17150,nieul.levirouil@mairie17.com
NIEUL-SUR-MER,17137,mairie@nieul-sur-mer.fr
NUAILLE-D'AUNIS,17540,nuaille.daunis@mairie17.com
NUAILLE-SUR-BOUTONNE,17470,nuaille.boutonne@mairie17.com
ORIGNOLLES,17210,orignolles@mairie17.com
OZILLAC,17500,ozillac.mairie@wanadoo.fr
PAILLE,17470,paille@mairie17.com
PERE,17700,pere@mairie17.com
PERIGNAC,17800,perignac@mairie17.com
PERIGNY,17180,mairie@ville-perigny.fr
PESSINES,17810,pessines@mairie17.com
PISANY,17600,pisany@mairie17.com
PLASSAC,17240,plassacmairie17@orange.fr
PLASSAY,17250,plassay@mairie17.com
POLIGNAC,17210,""
POMMIERS-MOULONS,17130,pommiers.moulons@orange.fr
PONS,17800,ville.pons@smic17.fr
PONT-L'ABBE-D'ARNOULT,17250,mairie@ville-pont-labbe-darnoult.fr
PORT-D'ENVAUX,17350,mairie.portdenvaux@wanadoo.fr
PORT-DES-BARQUES,17730,mairie@ville-portdesbarques.fr
POUILLAC,17210,mairie.pouillac@wanadoo.fr
POURSAY-GARNAUD,17400,mairie.poursaygarnaud@wanadoo.fr
PREGUILLAC,17460,mairie.preguillac@wanado.fr
PRIGNAC,17160,prignac2@wanadoo.fr
PUILBOREAU,17138,contact@mairie-puilboreau.fr
PUY-DU-LAC,17380,puy.du.lac@mairie17.com
PUYRAVAULT,17700,commune.puyravault@orange.fr
PUYROLLAND,17380,commune.puyrolland@orange.fr
REAUX,17500,reaux@mairie17.com
RETAUD,17460,mairie.retaud@wanadoo.fr
RIOUX,17460,rioux@mairie17.com
RIVEDOUX-PLAGE,17940,rivedoux-plage@mairie17.com
ROCHEFORT,17306,mairie@ville-rochefort.fr
ROMAZIERES,17510,mairieromazieres@wanadoo.fr
ROMEGOUX,17250,romegoux@mairie17.com
ROUFFIAC,17800,rouffiac@mairie17.com
ROUFFIGNAC,17130,mairie-rouffignac@orange.fr
ROYAN,17200,mairie@mairie-royan.fr
SABLONCEAUX,17600,sablonceaux@mairie17.com
SAINT-AGNANT,17620,mairie-saint-agnant@smic17.fr
SAINT-AIGULIN,17360,st.aigulin@mairie17.com
SAINT-ANDRE-DE-LIDON,17260,st.andre.de.lidon@mairie17.com
SAINT-AUGUSTIN,17570,infos@mairie-saint-augustin.fr
SAINT-BONNET-SUR-GIRONDE,17150,saint-bonnet-sur-gironde@mairie17.com
SAINT-BRIS-DES-BOIS,17770,mairiesaintbris@wanadoo.fr
SAINT-CESAIRE,17770,mairie-saint-cesaire@smic17.fr
SAINT-CHRISTOPHE,17220,saintchristophe@mairie17.com
SAINT-CIERS-CHAMPAGNE,17520,mairiesaintcierschamp@wanadoo.fr
SAINT-CIERS-DU-TAILLON,17240,stciers.du.taillon@mairie17.com
SAINT-CLEMENT-DES-BALEINES,17590,st.clement.des.baleines@mairie17.com
SAINT-COUTANT-LE-GRAND,17430,st.coutant.le.grand@mairie17.com
SAINT-CREPIN,17380,saint.crepin@mairie17.com
SAINT-CYR-DU-DORET,17170,st.cyr.du.doret@mairie17.com
SAINT-DENIS-D'OLERON,17650,st.denis.oleron@wanadoo.fr
SAINT-DENIS-DU-PIN,17400,st.denis.du.pin@mairie17.com
SAINT-DIZANT-DU-BOIS,17150,saint.dizant.du.bois@mairie17.com
SAINT-DIZANT-DU-GUA,17240,saint.dizant.du.gua@mairie17.com
SAINTE-COLOMBE,17210,sainte.colombe@mairie17.com
SAINTE-GEMME,17250,mairie.saintegemme@wanadoo.fr
SAINTE-LHEURINE,17520,ste.lheurine@wanadoo.fr
SAINTE-MARIE-DE-RE,17740,info@mairie-sainte-marie-de-re.fr
SAINTE-MEME,17770,sainte-meme@mairie17.com
SAINTE-RADEGONDE,17250,sainte-radegonde@mairie17.com
SAINTE-RAMEE,17240,mairie.sainteramee@wanadoo.fr
SAINTES,17100,info@ville-saintes.fr
SAINTE-SOULLE,17220,mairie.sainte.soulle@wanadoo.fr
SAINT-EUGENE,17520,saint.eugene@mairie17.com
SAINT-FELIX,17330,st.felix@mairie17.com
SAINT-FORT-SUR-GIRONDE,17240,saint-fort-sur-gironde@mairie17.com
SAINT-FROULT,17780,mairiesaintfroult@wanadoo.fr
SAINT-GENIS-DE-SAINTONGE,17240,mairie.stgenis17@wanadoo.fr
SAINT-GEORGES-ANTIGNAC,17240,st.georges.antignac@mairie17.com
SAINT-GEORGES-DE-DIDONNE,17110,mairie@sgdd.fr
SAINT-GEORGES-DE-LONGUEPIERRE,17470,st.georges.de.longuepierre@mairie17.com
SAINT-GEORGES-DES-AGOUTS,17150,st.georges.des.agouts.mairie@wanadoo.fr
SAINT-GEORGES-DES-COTEAUX,17810,st.georges.des.coteaux@mairie17.com
SAINT-GEORGES-D'OLERON,17190,mairie@saint-georges-oleron.fr
SAINT-GEORGES-DU-BOIS,17700,georgipolitaine@mairie17.com
SAINT-GERMAIN-DE-LUSIGNAN,17500,saint-germain-de-lusignan@mairie17.com
SAINT-GERMAIN-DE-MARENCENNES,17700,st.germain.marencennes@mairie17.com
SAINT-GERMAIN-DE-VIBRAC,17500,mairie.st-germain-de-vibrac@wanadoo.fr
SAINT-GERMAIN-DU-SEUDRE,17240,saint-germain-du-seudre@mairie17.com
SAINT-GREGOIRE-D'ARDENNES,17240,saint-gregoire-dardennes@mairie17.com
SAINT-HILAIRE-DE-VILLEFRANCHE,17770,mairie-st-hilaire@smic17.fr
SAINT-HILAIRE-DU-BOIS,17500,st.hilairedubois@wanadoo.fr
SAINT-HIPPOLYTE,17430,saint-hippolyte@mairie17.com
SAINT-JEAN-D'ANGELY,17400,ville@angely.net
SAINT-JEAN-D'ANGLE,17620,saint.jean.dangle@mairie17.com
SAINT-JEAN-DE-LIVERSAY,17170,mairie.saint.jean.de.liversay@wanadoo.fr
SAINT-JULIEN-DE-L'ESCAP,17400,saint-julien-de-lescap@mairie17.com
SAINT-JUST-LUZAC,17320,mairie-stjust-luzac@wanadoo.fr
SAINT-LAURENT-DE-LA-BARRIERE,17380,""
SAINT-LAURENT-DE-LA-PREE,17450,st.laurent.de.la.pree@mairie17.com
SAINT-LEGER,17800,saint-leger@mairie17.com
SAINT-LOUP-DE-SAINTONGE,17380,st-loup-de-saintonge@mairie17.com
SAINT-MAIGRIN,17520,saint-maigrin@mairie17.com
SAINT-MANDE-SUR-BREDOIRE,17470,st.mande.sur.bredoire@mairie17.com
SAINT-MARD,17700,st.mard@mairie17.com
SAINT-MARTIAL-DE-LOULAY,17330,saint-martial@mairie17.com
SAINT-MARTIAL-DE-MIRAMBEAU,17150,st.martial.de.mirambeau@mairie17.com
SAINT-MARTIAL-DE-VITATERNE,17500,mairie.stmartialdevitaterne@wanadoo.fr
SAINT-MARTIAL-SUR-NE,17520,st.martial.sur.ne@mairie17.com
SAINT-MARTIN-D'ARY,17270,st-martin-ary@mairie17.com
SAINT-MARTIN-DE-COUX,17360,mairie.st-martin-de-coux@wanadoo.fr
SAINT-MARTIN-DE-JUILLERS,17400,st.martin.de.juillers@mairie17.com
SAINT-MARTIN-DE-RE,17410,st.martin.de.re@mairie17.com
SAINT-MAURICE-DE-TAVERNOLE,17500,mairie-st-maurice-tavernole@wanadoo.fr
SAINT-MEDARD,17500,st.medard.en.saintonge@mairie17.com
SAINT-MEDARD-D'AUNIS,17220,st-medard-aunis@mairie17.com
SAINT-NAZAIRE-SUR-CHARENTE,17780,saint-nazaire-sur-charente@mairie17.com
SAINT-OUEN-D'AUNIS,17230,st.ouen.daunis@mairie17.com
SAINT-OUEN-LA-THENE,17490,saint.ouen.la.thene@mairie17.com
SAINT-PALAIS-DE-NEGRIGNAC,17210,saint.palais.de.negrignac@mairie17.com
SAINT-PALAIS-DE-PHIOLIN,17800,saint-palais-de-phiolin@mairie17.com
SAINT-PALAIS-SUR-MER,17420,secretariat@stpalaissurmer.fr
SAINT-PARDOULT,17400,saint-pardoult@mairie17.com
SAINT-PIERRE-D'AMILLY,17700,saint-pierre-damilly@mairie17.com
SAINT-PIERRE-DE-JUILLERS,17400,st-pierre-de-juillers@mairie17.com
SAINT-PIERRE-D'OLERON,17310,accueil@saint-pierre-oleron.com
SAINT-PIERRE-DU-PALAIS,17270,saint.pierre.du.palais@mairie17.com
SAINT-PORCHAIRE,17250,mairie@st-porchaire.fr
SAINT-QUANTIN-DE-RANCANNE,17800,st-quantin-rancannes@mairie17.com
SAINT-ROGATIEN,17220,mairie-saint-rogatien@wanadoo.fr
SAINT-ROMAIN-DE-BENET,17600,st.romain.benet@mairie17.com
SAINT-ROMAIN-SUR-GIRONDE,17240,st.romain.sur.gironde@mairie17.com
SAINT-SATURNIN-DU-BOIS,17700,mairie.stsaturnindubois@wanadoo.fr
SAINT-SAUVANT,17610,infos@mairie-saint-sauvant17.fr
SAINT-SAUVEUR-D'AUNIS,17540,mairie.stsauveurdaunis@orange.fr
SAINT-SAVINIEN,17350,saint-savinien@mairie17.com
SAINT-SEURIN-DE-PALENNE,17800,st.seurin.de.palenne@mairie17.com
SAINT-SEVER-DE-SAINTONGE,17800,st.sever.de.saintonge@mairie17.com
SAINT-SEVERIN-SUR-BOUTONNE,17330,saint-severin-sur-boutonne@mairie17.com
SAINT-SIGISMOND-DE-CLERMONT,17240,mairie.stsigismond17@orange.fr
SAINT-SIMON-DE-BORDES,17500,saint-simon-de-bordes@mairie17.com
SAINT-SIMON-DE-PELLOUAILLE,17260,st.simon@mairie17.com
SAINT-SORLIN-DE-CONAC,17150,st.sorlin.de.conac@mairie17.com
SAINT-SORNIN,17600,stsornin@bassin-de-marennes.com
SAINT-SULPICE-D'ARNOULT,17250,mairie-stsulpicearnoult@wanadoo.fr
SAINT-SULPICE-DE-ROYAN,17200,st-sulpice-de-royan@mairie17.com
SAINT-THOMAS-DE-CONAC,17150,st.thomas.de.conac@mairie17.com
SAINT-TROJAN-LES-BAINS,17370,mairiesttrojan@wanadoo.fr
SAINT-VAIZE,17100,saint-vaize@mairie17.com
SAINT-VIVIEN,17220,mairie@saint-vivien17.fr
SAINT-XANDRE,17138,st.xandre@mairie17.com
SALEIGNES,17510,saleignes@mairie17.com
SALIGNAC-DE-MIRAMBEAU,17130,salignac-de-mirambeau@mairie17.com
SALIGNAC-SUR-CHARENTE,17800,salignac-sur-charente@mairie17.com
SALLES-SUR-MER,17220,salles-sur-mer@mairie17.com
SAUJON,17600,contact@mairie-saujon.fr
SEIGNE,17510,seigne@mairie17.com
SEMILLAC,17150,semillac@mairie17.com
SEMOUSSAC,17150,semoussac@mairie17.com
SEMUSSAC,17120,mairie-semussac@smic17.fr
SIECQ,17490,siecq@mairie17.com
SONNAC,17160,sonnac@mairie17.com
SOUBISE,17780,mairie@soubise.fr
SOUBRAN,17150,soubran@mairie17.com
SOULIGNONNES,17250,mairie.soulignonnes@wanadoo.fr
SOUMERAS,17130,soumeras@wanadoo.fr
SOUSMOULINS,17130,mairiedesousmoulins@wanadoo.fr
SURGERES,17700,mairie@ville-surgeres.fr
TAILLANT,17350,taillant@mairie17.com
TAILLEBOURG,17350,taillebourg@mairie17.com
TALMONT-SUR-GIRONDE,17120,talmont.sur.gironde@mairie17.com
TANZAC,17260,tanzac@mairie17.com
TAUGON,17170,taugon@mairie17.com
TERNANT,17400,ternant@mairie17.com
TESSON,17460,tesson@mairie17.com
THAIMS,17120,thaims@mairie17.com
THAIRE,17290,thaire@mairie17.com
THENAC,17460,mairie.thenac@wanadoo.fr
THEZAC,17600,thezac@mairie17.com
THORS,17160,thors@mairie17.com
TONNAY-BOUTONNE,17380,tonnay-boutonne@mairie17.com
TONNAY-CHARENTE,17430,mairie-tonnay.charente@wanadoo.fr
TORXE,17380,torxe@mairie17.com
TRIZAY,17250,mairie.trizay@wanadoo.fr
TUGERAS-SAINT-MAURICE,17130,tugeras@mairie17.com
VANDRE,17700,vandre@mairie17.com
VANZAC,17500,mairie.vanzac@cegetel.net
VARAIZE,17400,mairie-varaize@wanadoo.fr
VARZAY,17460,varzay@mairie17.com
VAUX-SUR-MER,17640,mairie@vaux-atlantique.com
VENERAND,17100,mairie.venerand@wanadoo.fr
VERGEROUX,17300,mairiedevergeroux@wanadoo.fr
VERGNE,17330,vergne@mairie17.com
VERINES,17540,verines@mairie17.com
VERVANT,17400,vervant@mairie17.com
VIBRAC,17130,mairie.vibrac@wanadoo.fr
VILLARS-EN-PONS,17260,villars-en-pons@mairie17.com
VILLARS-LES-BOIS,17770,villars-les-bois@mairie17.com
VILLEDOUX,17230,mairie.villedoux@smic17.fr
VILLEMORIN,17470,villemorin@mairie17.com
VILLENEUVE-LA-COMTESSE,17330,villeneuve-la-comtesse@mairie17.com
VILLEXAVIER,17500,mairie.villexavier@free.fr
VILLIERS-COUTURE,17510,villiers.couture@mairie17.com
VINAX,17510,vinax@mairie17.com
VIROLLET,17260,virollet@mairie17.com
VIRSON,17290,virson@mairie17.com
VOISSAY,17400,voissay@mairie17.com
VOUHE,17700,vouhe@mairie17.com
YVES,17340,mairie-yves@smic17.fr
ADILLY,79200,mairie-adilly@cc-parthenay.fr
AIFFRES,79230,mairie@ville-aiffres.fr
AIGONNAY,79370,mairie-aigonnay@paysmellois.org
AIRVAULT,79600,mairie-airvault@cc-airvaudais.fr
ALLONNE,79130,mairie-allonne@orange.fr
AMAILLOUX,79350,mairie-amailloux@cc-parthenay.fr
AMURE,79210,mairie.amure@orange.fr
ARCAIS,79210,mairie.arcais@orange.fr
ARDILLEUX,79110,mairie-ardilleux@paysmellois.org
ARDIN,79160,communedardin@wanadoo.fr
ARGENTON-L'EGLISE,79290,mairie-argenton-eglise@cyberscope.fr
ARGENTON-LES-VALLEES,79150,mairie-argenton-chateau@cegetel.net
ASNIERES-EN-POITOU,79170,mairie-asnieresenpoitou@paysmellois.org
ASSAIS-LES-JUMEAUX,79600,mairie-assaislesjx@cc-parthenay.fr
AUBIGNE,79110,mairie-aubigne@paysmellois.org
AUBIGNY,79390,mairie-aubigny@cc-parthenay.fr
AUGE,79400,mairie-dauge@wanadoo.fr
AVAILLES-THOUARSAIS,79600,mairie-availles@cc-airvaudais.fr
AVON,79800,mairie.avon@perso.altitudetelecom.fr
AZAY-LE-BRULE,79400,azaylebrule.mairie@wanadoo.fr
AZAY-SUR-THOUET,79130,mairie-azaysurthouet@cc-parthenay.fr
BEAULIEU-SOUS-PARTHENAY,79420,mairie-beaulieu@cc-pays-sud-gatine.fr
BEAUSSAIS,79370,beaussais@wanadoo.fr
BEAUVOIR-SUR-NIORT,79360,mairie-beauvoir@wanadoo.fr
BECELEUF,79160,mairiebeceleuf@orange.fr
BELLEVILLE,79360,mairiebellevillede@wanadoo.fr
BESSINES,79000,mairie@mairie-bessines.fr
BOISME,79300,mairie.boisme@wanadoo.fr
BOISSEROLLES,79360,mairie.boisserolles@wanadoo.fr
BOUGON,79800,Mairie.BOUGON@wanadoo.fr
BOUILLE-LORETZ,79290,mairie.bouille-loretz@orange.fr
BOUILLE-SAINT-PAUL,79290,mairie.bouillesp@wanadoo.fr
BOUIN,79110,mairie-bouin@paysmellois.org
BOUSSAIS,79600,mairie-boussais@cc-airvaudais.fr
BRESSUIRE,79300,mairie@ville-bressuire.fr
BRETIGNOLLES,79140,mairie-bretignolles@wanadoo.fr
BRIE,79100,mairiedebrie@wanadoo.fr
BRIEUIL-SUR-CHIZE,79170,mairie-brieuilsurchize@paysmellois.org
BRION-PRES-THOUET,79290,mairie-de-brion@wanadoo.fr
BRIOUX-SUR-BOUTONNE,79170,mairie-briouxsurboutonne@paysmellois.org
BRULAIN,79230,mairie.brulain@libertysurf.fr
CAUNAY,79190,mairie.caunay@free.fr
CELLES-SUR-BELLE,79370,mairie-cellessurbelle@wanadoo.fr
CERIZAY,79140,ville@cerizay.fr
CERSAY,79290,mairie.cersay@wanadoo.fr
CHAIL,79500,mairie-chail@paysmellois.org
CHAMPDENIERS-SAINT-DENIS,79220,mairie.champdeniers@wanadoo.fr
CHANTECORPS,79340,mairie-chantecorps@cc-parthenay.fr
CHANTELOUP,79320,mairie.chanteloup@orange.fr
CHATILLON-SUR-THOUET,79200,mairie_chatillon@cc-parthenay.fr
CHAURAY,79180,contacts@chauray.fr
CHEF-BOUTONNE,79110,mairie-chefboutonne@paysmellois.org
CHENAY,79120,mairiechenay@wanadoo.fr
CHERIGNE,79170,mairie-cherigne@wanadoo.fr
CHERVEUX,79410,mairie.cherveux@wanadoo.fr
CHEY,79120,commune-de-chey@wanadoo.fr
CHICHE,79350,MAIRIE-DE-CHICHE@wanadoo.fr
CHIZE,79170,mairie.chize@wanadoo.fr
CIRIERES,79140,mairie.cirieres@wanadoo.fr
CLAVE,79420,mairie-clave@cc-pays-sud-gatine.fr
CLESSE,79350,communeclesse@wanadoo.fr
CLUSSAIS-LA-POMMERAIE,79190,mairie-clussaislapommeraie@paysmellois.org
COMBRAND,79140,mairie.combrand@wanadoo.fr
COULON,79510,maire@ville-coulon.fr
COULONGES-SUR-L'AUTIZE,79160,mairie-coulonges-sur-lautize@wanadoo.fr
COULONGES-THOUARSAIS,79330,Mairie.coulongesthouarsais@wanadoo.fr
COURLAY,79440,MAIRIE.de.COURLAY@wanadoo.fr
COURS,79220,mairiedecours79@wanadoo.fr
COUTIERES,79340,mairie.coutieres@wanadoo.fr
COUTURE-D'ARGENSON,79110,mairie-couture-argenson@paysmellois.org
CREZIERES,79110,mairie-crezieres@paysmellois.org
DOUX,79390,mairie.doux@wanadoo.fr
ECHIRE,79410,mairie.echire@wanadoo.fr
ENSIGNE,79170,""
EPANNES,79270,epannes@wanadoo.fr
ETUSSON,79150,mairie-etusson@wanadoo.fr
EXIREUIL,79400,exireuilmairie@wanadoo.fr
EXOUDUN,79800,mairie.exoudun@wanadoo.fr
FAYE-L'ABBESSE,79350,MAIRIE-DE-FAYE-LABBESSE@WANADOO.FR
FAYE-SUR-ARDIN,79160,mairie.fayesurardin@wanadoo.fr
FENERY,79450,commune.fenery@wanadoo.fr
FENIOUX,79160,mairie-fenioux@wanadoo.fr
FOMPERRON,79340,mairie.fomperron@wanadoo.fr
FONTENILLE-SAINT-MARTIN-D'ENTRAIGUES,79110,mairie-stmartinentraigues@wanadoo.fr
FORS,79230,mairie.de.fors@wanadoo.fr
FRANCOIS,79260,mairie.francois@wanadoo.fr
FRESSINES,79370,mairie-fressines@wanadoo.fr
FRONTENAY-ROHAN-ROHAN,79270,services.mairie@frontenay-rohan-rohan.com
GEAY,79330,mairie-de-geay@wanadoo.fr
GENNETON,79150,mairiede-genneton@wanadoo.fr
GERMOND-ROUVRE,79220,mairie@germond-rouvre.fr
GLENAY,79330,mairie.de.glenay@wanadoo.fr
GOURGE,79200,mairie.gourge79@orange.fr
GOURNAY-LOIZE,79110,mairie-gournay@paysmellois.org
GRANZAY-GRIPT,79360,COMMUNE-DE-GRANZAY-GRIPT@wanadoo.fr
HANC,79110,mairie-hanc@paysmellois.org
IRAIS,79600,mairie-irais@cc-airvaudais.fr
JUILLE,79170,mairie-juille@paysmellois.org
JUSCORPS,79230,juscorps.79.mairie@wanadoo.fr
LA-BATAILLE,79110,mairie-labataille@paysmellois.org
LA-BOISSIERE-EN-GATINE,79310,mairie-boissiere@cc-pays-sud-gatine.fr
L'ABSIE,79240,absie@terre-de-sevre.org
LA-CHAPELLE-BATON,79220,mairie.79chapbat@orange.fr
LA-CHAPELLE-BERTRAND,79200,mairie-chap-ber@cc-parthenay.fr
LA-CHAPELLE-GAUDIN,79300,mairie-de-la-chapelle.gaudin@wanadoo.fr
LA-CHAPELLE-POUILLOUX,79190,mairie-lachapellepouilloux@paysmellois.org
LA-CHAPELLE-SAINT-ETIENNE,79240,chapellestet@terre-de-sevre.org
LA-CHAPELLE-SAINT-LAURENT,79430,mairie.chapellestlaurent@wanadoo.fr
LA-CHAPELLE-THIREUIL,79160,chapellethireuil@wanadoo.fr
LA-COUARDE,79800,""
LA-COUDRE,79150,mairie.la.coudre@wanadoo.fr
LA-CRECHE,79260,la.creche@wanadoo.fr
LA-FERRIERE-EN-PARTHENAY,79390,mairie-la-ferriere@wanadoo.fr
LA-FORET-SUR-SEVRE,79380,mairie.la.foret@wanadoo.fr
LA-FOYE-MONJAULT,79360,mairie.foye.monjault@wanadoo.fr
LAGEON,79200,communelageon@wanadoo.fr
LA-MOTHE-SAINT-HERAY,79800,lamothe.mairie@wanadoo.fr
LA-PETITE-BOISSIERE,79700,mairie-de-la-petite-boissiere@wanadoo.fr
LA-PEYRATTE,79200,mairie@lapeyratte.net
LARGEASSE,79240,largeasse@terre-de-sevre.org
LA-ROCHENARD,79270,mairie.la.rochenard@wanadoo.fr
LE-BEUGNON,79130,mairie-le-beugnon@cc-parthenay.fr
LE-BOURDET,79210,communedubourdet@orange.fr
LE-BREUIL-BERNARD,79320,mairie.breuil-bernard@orange.fr
LE-BREUIL-SOUS-ARGENTON,79150,mairie-du-breuil@wanadoo.fr
LE-BUSSEAU,79240,communebusseau@wanadoo.fr
LE-CHILLOU,79600,mairie.lechillou@wanadoo.fr
LE-PIN,79140,commune.le.pin.79@wanadoo.fr
LE-RETAIL,79130,mairieleretail@wanadoo.fr
LES-ALLEUDS,79190,mairie-lesalleuds@paysmellois.org
LES-FORGES,79340,mairie-lesforges@orange.fr
LES-FOSSES,79360,mairie-lesfosses@paysmellois.org
LES-GROSEILLERS,79220,mairie-groseillers@cc-pays-sud-gatine.fr
LE-TALLUD,79200,MAIRIE_LE_TALLUD@cc-parthenay.fr
LE-VANNEAU-IRLEAU,79270,mairie.vanneau-irleau@orange.fr
LE-VERT,79170,mairie-levert@paysmellois.org
LEZAY,79120,secretariat@mairie-lezay.fr
LHOUMOIS,79390,""
LIMALONGES,79190,mairie.limalonges@wanadoo.fr
LORIGNE,79190,mairie-lorigne@paysmellois.org
LOUBIGNE,79110,mairie-loubigne@paysmellois.org
LOUBILLE,79110,mairie-loubille@paysmellois.org
LOUIN,79600,mairie-79-louin@wanadoo.fr
LOUZY,79100,mairie.louzy@cc-thouarsais.fr
LUCHE-SUR-BRIOUX,79170,mairie.luche.brioux@wanadoo.fr
LUCHE-THOUARSAIS,79330,mairie.luchethouarsais@wanadoo.fr
LUSSERAY,79170,mairie-lusseray@wanadoo.fr
LUZAY,79100,mairieluzay@wanadoo.fr
MAGNE,79460,mairie@ville-magne.fr
MAIRE-LEVESCAULT,79190,mairie-mairelevescault@paysmellois.org
MAISONNAIS,79500,mairie-maisonnais@paysmellois.org
MAISONTIERS,79600,mairiedemaisontiers@orange.fr
MARIGNY,79360,marignymairie@wanadoo.fr
MARNES,79600,mairie-marnes@cc-airvaudais.fr
MASSAIS,79150,mairie.massais@pays-thouarsais.com
MAULEON,79700,mairie@mauleon.fr
MAUZE-SUR-LE-MIGNON,79210,mairie@ville-mauze-mignon.fr
MAUZE-THOUARSAIS,79100,mauze-thouarsais @cc-thouarsais.fr
MAZIERES-EN-GATINE,79310,mairie-mazieres@cc-pays-sud-gatine.fr
MAZIERES-SUR-BERONNE,79500,mairie-mazieressurberonne@paysmellois.org
MELLE,79500,contact@ville-melle.fr
MELLERAN,79190,mairie-melleran@paysmellois.org
MENIGOUTE,79340,communedemenigoute@wanadoo.fr
MESSE,79120,""
MISSE,79100,mairie.de.misse@wanadoo.fr
MONCOUTANT,79320,moncoutant@terre-de-sevre.org
MONTALEMBERT,79190,commune-montalembert@wanadoo.fr
MONTRAVERS,79140,mairie.montravers@wanadoo.fr
MOUTIERS-SOUS-ARGENTON,79150,moutiers.mairie@wanadoo.fr
MOUTIERS-SOUS-CHANTEMERLE,79320,mairie.moutierssouschantemerle@orange.fr
NANTEUIL,79400,mairie.nanteuil.79@cegetel.net
NEUVY-BOUIN,79130,mairie-neuvy-bouin@cc-parthenay.fr
NIORT,79000,mairie@mairie-niort.fr
NUEIL-LES-AUBIERS,79250,""
OIRON,79100,mairie.oiron@wanadoo.fr
OROUX,79390,mairie-oroux@cc-parthenay.fr
PAIZAY-LE-CHAPT,79170,mairie-paizaylechapt@paysmellois.org
PAIZAY-LE-TORT,79500,mairie-paizayletort@paysmellois.org
PAMPLIE,79220,mairie-de-pamplie@wanadoo.fr
PAMPROUX,79800,mairie.pamproux@wanadoo.fr
PARTHENAY,79200,mairie-parthenay@cc-parthenay.fr
PAS-DE-JEU,79100,mairie.pasdejeu@wibox.fr  
PERIGNE,79170,mairie-perigne@paysmellois.org
PERS,79190,""
PIERREFITTE,79330,pierrefitte@wanadoo.fr
PIOUSSAY,79110,mairie-pioussay@paysmellois.org
PLIBOU,79190,mairie-plibou@paysmellois.org
POMPAIRE,79200,Mairie_pompaire@cc-parthenay.fr
POUFFONDS,79500,mairie.pouffonds@wanadoo.fr
POUGNE-HERISSON,79130,mairie-pougneherisson@wanadoo.fr
PRAHECQ,79230,mairie.prahecq@wanadoo.fr
PRAILLES,79370,mairie-prailles@paysmellois.org
PRESSIGNY,79390,pressigny.mairie@orange.fr
PRIAIRES,79210,communedepriaires@orange.fr
PRIN-DEYRANCON,79210,Prindey-mairie@wanadoo.fr
PRISSE-LA-CHARRIERE,79360,mairie-prisse-la-charriere@wanadoo.fr
PUGNY,79320,mairiepugny@wanadoo.fr
REFFANNES,79420,mairie-reffannes@cc-parthenay.fr
ROM,79120,mairie-rom@paysmellois.org
ROMANS,79260,mairie.romans884@orange.fr
SAINT-AMAND-SUR-SEVRE,79700,mairie.saint.amand.sur.sevre@wanadoo.fr
SAINT-ANDRE-SUR-SEVRE,79380,mairie-saint-andre-sur-sevre@wanadoo.fr
SAINT-AUBIN-DU-PLAIN,79300,mairie-st-aubin@wanadoo.fr
SAINT-AUBIN-LE-CLOUD,79450,mairie.staubinlecld@wanadoo.fr
SAINT-CHRISTOPHE-SUR-ROC,79220,mairiestchristophesurroc@orange.fr
SAINT-CLEMENTIN,79150,mairie-st-clementin@orange.fr
SAINT-COUTANT,79120,mairie-stcoutant@paysmellois.org
SAINT-CYR-LA-LANDE,79100,mairie-de-st-cyr-la-lande@wanadoo.fr
SAINTE-BLANDINE,79370,mairie-steblandine@paysmellois.org
SAINTE-EANNE,79800,mairiesainteeanne@wanadoo.fr
SAINTE-GEMME,79330,mairie.sainte.gemme@orange.fr
SAINTE-NEOMAYE,79260,mairie.sainte-neomaye@wanadoo.fr
SAINTE-OUENNE,79220,ste-ouenne.mairie@wanadoo.fr
SAINTE-RADEGONDE-DES-POMMIERS,79100,mairie.ste-radegonde@wanadoo.fr
SAINTE-SOLINE,79120,mairie.saintesoline@wanadoo.fr
SAINT-ETIENNE-LA-CIGOGNE,79360,saintetiennelacigogne@orange.fr
SAINTE-VERGE,79100,mairie-sainte-verge@wanadoo.fr
SAINT-GELAIS,79410,mairie-st-gelais@wanadoo.fr
SAINT-GENARD,79500,mairie.st-genard@wanadoo.fr
SAINT-GENEROUX,79600,Mairie-St-Generoux@cc-airvaudais.fr
SAINT-GEORGES-DE-NOISNE,79400,mairie-stgeorges@cc-pays-sud-gatine.fr
SAINT-GEORGES-DE-REX,79210,saint-georges-de-rex@agglo-niort.fr
SAINT-GERMAIN-DE-LONGUE-CHAUME,79200,mairie-stgermain2@wanadoo.fr
SAINT-GERMIER,79340,saintgermier.mairie@orange.fr
SAINT-HILAIRE-LA-PALUD,79210,mairie-sthilaire-la-palud@wanadoo.fr
SAINT-JACQUES-DE-THOUARS,79100,communestjacquesthouars79@orange.fr
SAINT-JEAN-DE-THOUARS,79100,mairie.st-jean@thouars-communaute.fr
SAINT-JOUIN-DE-MARNES,79600,mairie-stjouin@cc-airvaudais.fr
SAINT-JOUIN-DE-MILLY,79380,mairie-stjouindemilly@wanadoo.fr
SAINT-LAURS,79160,mairiestlaurs@wanadoo.fr
SAINT-LEGER-DE-LA-MARTINIERE,79500,mairiestlegerlamartiniere@wanadoo.fr
SAINT-LEGER-DE-MONTBRUN,79100,mairie.st-leger@cc-thouarsais.fr
SAINT-LIN,79420,mairie-stlin@cc-parthenay.fr
SAINT-LOUP-LAMAIRE,79600,mairie-st-loup-lamaire@wanadoo.fr
SAINT-MAIXENT-DE-BEUGNE,79160,st-maixent-beugne@wanadoo.fr
SAINT-MAIXENT-L'ECOLE,79400,contact@saint-maixent-lecole.fr
SAINT-MARC-LA-LANDE,79310,mairie-stmarc@cc-pays-sud-gatine.fr
SAINT-MARTIN-DE-BERNEGOUE,79230,mairie.st.martin.de.bernegoue@wanadoo.fr
SAINT-MARTIN-DE-MACON,79100,mairie.stmartindemacon@wanadoo.fr
SAINT-MARTIN-DE-SAINT-MAIXENT,79400,mairiestmartindestmaixent@wanadoo.fr
SAINT-MARTIN-DE-SANZAY,79290,mairie.saintmartindesanzay@wanadoo.fr
SAINT-MARTIN-DU-FOUILLOUX,79420,stmartindufouilloux.mairie@wanadoo.fr
SAINT-MARTIN-LES-MELLE,79500,mairie-stmartinlesmelle@paysmellois.org
SAINT-MAURICE-LA-FOUGEREUSE,79150,mairie-st-maurice-79@wanadoo.fr
SAINT-MAXIRE,79410,mairie-saint-maxire@orange.fr
SAINT-MEDARD,79370,mairie-stmedard@paysmellois.org
SAINT-PARDOUX,79310,mairie-stpardoux@cc-pays-sud-gatine.fr
SAINT-PAUL-EN-GATINE,79240,stpaulgatine@orange.fr
SAINT-PIERRE-DES-ECHAUBROGNES,79700,mairie.echaubrognes@wanadoo.fr
SAINT-POMPAIN,79160,mairie-st-pompain@wanadoo.fr
SAINT-REMY,79410,saint-remy@agglo-niort.fr
SAINT-ROMANS-DES-CHAMPS,79230,mairie.stromansdeschamps@wanadoo.fr
SAINT-ROMANS-LES-MELLE,79500,mairie-st-romans@mellecom.fr
SAINT-SYMPHORIEN,79270,stsymphorien.mairie@wanadoo.fr
SAINT-VARENT,79330,villesaintvarent@wanadoo.fr
SAINT-VINCENT-LA-CHATRE,79500,mairie-stvincent@paysmellois.org
SAIVRES,79400,mairie-de-saivres@wanadoo.fr
SALLES,79800,mairie.salles057@orange.fr
SANSAIS,79270,mairie-sansais@orange.fr
SAURAIS,79200,commune.de.saurais@cegetel.net
SAUZE-VAUSSAIS,79190,mairie.sauzevaussais@cegetel.net
SCIECQ,79000,mairie-de-sciecq@orange.fr
SCILLE,79240,communedescille@wanadoo.fr
SECONDIGNE-SUR-BELLE,79170,mairie-secondignesurbelle@paysmellois.org
SECONDIGNY,79130,secondigny@mairie-secondigny.fr
SELIGNE,79170,mairie-seligne@paysmellois.org
SEPVRET,79120,mairie-sepvret@paysmellois.org
SOMPT,79110,sompt.mairie@wanadoo.fr
SOUDAN,79800,SOUDAN2@wanadoo.fr
SOUTIERS,79310,mairie-soutiers@cc-pays-sud-gatine.fr
SOUVIGNE,79800,commune-souvigne@wanadoo.fr
SURIN,79220,surin.mairie@wanadoo.fr
TAIZE,79100,mairie.taize@cc-thouarsais.fr
TESSONNIERE,79600,mairie.tessonniere@wanadoo.fr
THENEZAY,79390,mairie-thenezay@cc-parthenay.fr
THORIGNY-SUR-LE-MIGNON,79360,mairie.thorigny-mignon@orange.fr
THOUARS,79100,info@ville-thouars.fr
TILLOU,79110,mairie-tillou@paysmellois.org
TOURTENAY,79100,mairie-tourtenay@wanadoo.fr
TRAYES,79240,trayes@terre-de-sevre.org
ULCOT,79150,ulcot@wanadoo.fr
USSEAU,79210,mairie.usseau@wanadoo.fr
VALLANS,79270,commune.vallans@orange.fr
VANCAIS,79120,mairie-vancais@paysmellois.org
VANZAY,79120,""
VASLES,79340,mairie-vasles@cc-parthenay.fr
VAUSSEROUX,79420,mairie-vausseroux@wanadoo.fr
VAUTEBIS,79420,mairie-vautebis@cc-parthenay.fr
VERNOUX-EN-GATINE,79240,communevernoux@orange.fr
VERNOUX-SUR-BOUTONNE,79170,mairie-vernouxsurboutonne@paysmellois.org
VERRUYES,79310,mairie-verruyes@cc-pays-sud-gatine.fr
VIENNAY,79200,mairie.viennay@wanadoo.fr
VILLEFOLLET,79170,mairie-villefollet@paysmellois.org
VILLEMAIN,79110,mairie-villemain@paysmellois.org
VILLIERS-EN-BOIS,79360,mairie.villiersenbois@wanadoo.fr
VILLIERS-EN-PLAINE,79160,communevilliersenplaine@orange.fr
VILLIERS-SUR-CHIZE,79170,mairie-villierssurchize@paysmellois.org
VITRE,79370,mairie-vitre@paysmellois.org
VOUHE,79310,mairie-vouhe@cc-pays-sud-gatine.fr
VOUILLE,79230,mairie-vouille79@wanadoo.fr
VOULTEGON,79150,mairie.voultegon@wanadoo.fr
XAINTRAY,79220,mairie.xaintray@wibox.fr
